product_name,image_url,product_lables
BOTTLE,https://m.media-amazon.com/images/I/51Np+iuzhSL._AC_UL320_.jpg,Font Twig Pattern Rectangle Jewellery Metal Electric blue Fashion accessory Circle Body jewelry Vacuum flask
BOTTLE,https://m.media-amazon.com/images/I/51Da+TBexCL._AC_UL320_.jpg,Window Door Tints and shades Font Wood Metal Monochrome photography Monochrome Window treatment Pattern Vacuum flask
BOTTLE,https://m.media-amazon.com/images/I/41GC5Z0FrhL._AC_UL320_.jpg,Liquid Cylinder Gas Glass Rectangle Metal Transparent material Font Transparency Pattern Vacuum flask
BOTTLE,https://m.media-amazon.com/images/I/61c-GtJ+0eL._AC_UL320_.jpg,Liquid Bottle Drinkware Water Fluid Drink Cylinder Glass bottle Tints and shades Gas Vacuum flask
BOTTLE,https://m.media-amazon.com/images/I/611Ugi6GpNL._AC_UL320_.jpg,Liquid Bottle Drinkware Azure Solution Fluid Plastic bottle Water bottle Aqua Drink
BOTTLE,https://m.media-amazon.com/images/I/61vviYkktmL._AC_UL320_.jpg,Colorfulness Blue Electric blue Tints and shades Parallel Symmetry Magenta Pattern Rectangle Art
BOTTLE,https://m.media-amazon.com/images/I/61vyyDN4a2L._AC_UL320_.jpg,Colorfulness Blue Purple Rectangle Violet Material property Magenta Tints and shades Electric blue Parallel
BOTTLE,https://m.media-amazon.com/images/I/612I0tsJwQS._AC_UL320_.jpg,Liquid Product Blue Azure Fluid Cylinder Material property Violet Gas Electric blue Bottle Bottle Bottle Bottle Bottle Bottle Tableware Tableware
BOTTLE,https://m.media-amazon.com/images/I/61ZHrwUreAL._AC_UL320_.jpg,Azure Human body Rectangle Aqua Material property Tints and shades Font Magenta Linens Electric blue
KEYBOARD,https://m.media-amazon.com/images/I/510OM8sOrkL._AC_UY218_.jpg,Computer keyboard Peripheral Input device Space bar Rectangle Office equipment Keyboard Computer Laptop accessory Computer hardware Computer keyboard Computer keyboard
KEYBOARD,https://m.media-amazon.com/images/I/61rsK1maJrL._AC_UY218_.jpg,Input device Space bar Peripheral Office equipment Office supplies Gadget Font Laptop accessory Numeric keypad Electronic device
KEYBOARD,https://m.media-amazon.com/images/I/61-kTKQuDUL._AC_UY218_.jpg,Computer keyboard Peripheral Input device Computer Office equipment Rectangle Laptop accessory Space bar Font Laptop part Computer keyboard
KEYBOARD,https://m.media-amazon.com/images/I/51HjGhVf9IL._AC_UY218_.jpg,Computer keyboard Computer Peripheral Input device Office equipment Laptop accessory Rectangle Computer hardware Font Composite material Computer keyboard
KEYBOARD,https://m.media-amazon.com/images/I/712n88HBTYL._AC_UY218_.jpg,Communication Device Gadget Font Input device Office supplies Electronic device Technology Calculator Peripheral Multimedia Computer keyboard Mouse
KEYBOARD,https://m.media-amazon.com/images/I/715q3cqCirL._AC_UY218_.jpg,Peripheral Input device Office equipment Computer keyboard Space bar Gadget Electronic instrument Font Computer hardware Numeric keypad Mouse Computer keyboard
KEYBOARD,https://m.media-amazon.com/images/I/613Tk-Ci6NL._AC_UY218_.jpg,Input device Peripheral Office equipment Computer Gadget Laptop accessory Space bar Font Laptop part Computer hardware Computer keyboard
TSHIRT,https://m.media-amazon.com/images/I/71Kt+6FRcEL._AC_UL320_.jpg,White Beard Black Neck Sleeve Gesture Grey Smile Jersey T-shirt Top Top
TSIHRT,https://m.media-amazon.com/images/I/61hjQIFjtUL._AC_UL320_.jpg,White Muscle Smile Product Black Neck Jersey Dress shirt Sleeve Gesture Top Top
TSHIRT,https://m.media-amazon.com/images/I/71eUwDk8z+L._AC_UL320_.jpg,Muscle Dress shirt Black Neck Sleeve Gesture Collar Elbow Button Chest Top Top
TSHIRT,https://m.media-amazon.com/images/I/61xoc0hYPiL._AC_UL320_.jpg,Shoulder Polo shirt Neck Sleeve Gesture Jersey Grey Collar Elbow T-shirt Top Pants Top
TSHIRT,https://m.media-amazon.com/images/I/61EcUsYCJ+L._AC_UL320_.jpg,Joint Shoulder Arm Polo shirt Muscle Product Azure Neck Jersey Sleeve Top Jeans
TSHIRT,https://m.media-amazon.com/images/I/81F+zV1Y32L._AC_UL320_.jpg,Joint Arm Polo shirt Muscle Dress shirt Neck Jersey Sleeve Gesture Collar Top Top
TSHIRT,https://m.media-amazon.com/images/I/714KPmfTO3L._AC_UL320_.jpg,Joint Shoulder White Human body Neck Sleeve Cap Gesture Grey Hat Top Top Jeans
TSHIRT,https://m.media-amazon.com/images/I/81Yw-UfQuwL._AC_UL320_.jpg,Watch Joint Jeans Muscle Dress shirt Azure Human body Neck Sleeve Jersey Top
CHAIR,https://m.media-amazon.com/images/I/41eaJ88hR-L._AC_UL480_FMwebp_QL65_.jpg,Nilkamal Plastics Furniture Chair Outdoor furniture Wood Comfort Rectangle Armrest Hardwood Plant Terrestrial plant Chair
CHAIR,https://m.media-amazon.com/images/I/41b0zi94czL._AC_UL480_FMwebp_QL65_.jpg,Material property Composite material Drinkware Electric blue Event Font Serveware Auto part Plastic Metal Chair
CHAIR,https://m.media-amazon.com/images/I/61EzmWfV-sL._AC_UL480_FMwebp_QL65_.jpg,Furniture Plant Product Wood Rectangle Outdoor furniture Terrestrial plant Chair Hardwood Table Chair Houseplant
CHAIR,https://m.media-amazon.com/images/I/51rp9qohPsL._AC_UL480_FMwebp_QL65_.jpg,Furniture Chair Rectangle Outdoor furniture Composite material Natural material Wood Pattern Event Plastic Chair
CHAIR,https://m.media-amazon.com/images/I/61Va1HXgqtL._AC_UL480_FMwebp_QL65_.jpg,Rectangle Chair Gas Electric blue Synthetic rubber Pattern Auto part Metal Fashion accessory Composite material Chair
CHAIR,https://m.media-amazon.com/images/I/61Ot12y-tuL._AC_UL480_FMwebp_QL65_.jpg,Magis Furniture White Chair Product Wood Comfort Line Outdoor furniture Natural material Material property Chair Chair Chair Chair
SOFA,https://m.media-amazon.com/images/I/511w-d1wp1L._AC_UL480_FMwebp_QL65_.jpg,Rectangle Violet Font Magenta Art Natural material Creative arts Couch Asphalt Electric blue Throw pillow Throw pillow Throw pillow Throw pillow Throw pillow Pillow Pillow Pillow Pillow Pillow
SOFA,https://m.media-amazon.com/images/I/71hUFq4QQcL._AC_UL480_FMwebp_QL65_.jpg,Furniture Table Plant Building Rectangle Comfort Couch Wood Picture frame Architecture Couch Picture frame Lighting
SOFA,https://m.media-amazon.com/images/I/71QAorsZX0L._AC_UL480_FMwebp_QL65_.jpg,Furniture Rectangle Wood Couch Interior design Pillow Wood stain Outdoor furniture Hardwood Comfort Throw pillow Throw pillow Throw pillow Pillow
SOFA,https://m.media-amazon.com/images/I/61iFen8QtIL._AC_UL480_FMwebp_QL65_.jpg,Couch Furniture Property Table Picture frame Comfort Rectangle Interior design studio couch Living room Couch
SOFA,https://m.media-amazon.com/images/I/81mtiyuurWL._AC_UL480_FMwebp_QL65_.jpg,Furniture Plant Product Rectangle Wood Outdoor furniture Interior design Floor Flooring Wall Couch Throw pillow Throw pillow Throw pillow Pillow Loveseat
SOFA,https://m.media-amazon.com/images/I/71T-j9kt-6L._AC_UL480_FMwebp_QL65_.jpg,Couch Property Furniture Rectangle Product Wood Lighting Interior design Plant studio couch Loveseat Couch Houseplant
SOFA,https://m.media-amazon.com/images/I/61Xzb+UhxgL._AC_UL480_FMwebp_QL65_.jpg,Furniture Couch Rectangle Azure Interior design Wood Wall Aqua Font Hardwood Couch Loveseat Houseplant Throw pillow Picture frame
SAMSUNG PHONE,https://m.media-amazon.com/images/I/913EiorAS0L._AC_UY327_FMwebp_QL65_.jpg,Samsung Samsung Product Mobile phone Communication Device Gadget Telephony Font Portable communications device Material property Liquid Technology Mobile phone
SAMSUNG PHONE,https://m.media-amazon.com/images/I/91fonhAtoAL._AC_UY327_FMwebp_QL65_.jpg,Photograph Product Mobile phone Telephony Communication Device Font Portable communications device Gadget Material property Rectangle Mobile phone Mobile phone
SAMSUNG PHONE,https://m.media-amazon.com/images/I/91L9EF-OEGL._AC_UY327_FMwebp_QL65_.jpg,Photograph Product Telephony Communication Device Font Portable communications device Mobile phone Material property Gadget Rectangle Mobile phone Mobile phone
SAMSUNG PHONE,https://m.media-amazon.com/images/I/71669TpsvKL._AC_UY327_FMwebp_QL65_.jpg,Samsung Azure Communication Device Rectangle Font Gadget Material property Portable communications device Gas Electric blue Electronic device Mobile phone
IPHONE,https://m.media-amazon.com/images/I/71657TiFeHL._AC_UY327_FMwebp_QL65_.jpg,White Automotive lighting Rectangle Communication Device Gadget Bumper Telephony Technology Portable communications device Font
IPHONE,https://m.media-amazon.com/images/I/61VuVU94RnL._AC_UY327_FMwebp_QL65_.jpg,Photograph Product Rectangle Purple Mobile phone Communication Device Violet Telephony Portable communications device Gadget Mobile phone Camera Mobile phone
IPHONE,https://m.media-amazon.com/images/I/71d7rfSl0wL._AC_UY327_FMwebp_QL65_.jpg,Rectangle Communication Device Automotive lighting Gadget Portable communications device Mobile phone Electronic device Telephony Font Electric blue Camera Mobile phone
IPHONE,https://m.media-amazon.com/images/I/71zFRCcMS2L._AC_UY327_FMwebp_QL65_.jpg,Automotive lighting Communication Device Rectangle Telephony Gadget Portable communications device Technology Bumper Auto part Metal
SHOES WHITE,https://m.media-amazon.com/images/I/71F3SMPmvsL._AC_UL480_FMwebp_QL65_.jpg,Nike Nike Footwear Shoe Outdoor shoe Sneakers Walking shoe Mammal Grey Beige Sportswear Font Shoe Shoe
SHOES WHITE,https://m.media-amazon.com/images/I/610g3QygS9L._AC_UL480_FMwebp_QL65_.jpg,Nike Footwear Shoe Walking shoe Grey Sportswear Sneakers Font Composite material Pattern Athletic shoe Shoe Shoe
SHOES WHITE,https://m.media-amazon.com/images/I/314rmoQUzHL._AC_UL480_FMwebp_QL65_.jpg,Nike Footwear Shoe Sneakers Walking shoe Grey Outdoor shoe Font Sportswear Athletic shoe Pattern Shoe Shoe
SHOES WHITE,https://m.media-amazon.com/images/I/711FC3hoA8L._AC_UL480_FMwebp_QL65_.jpg,Nike Footwear Shoe Walking shoe Grey Sneakers Outdoor shoe Sportswear Athletic shoe Pattern Carmine Shoe Shoe
SHOES WHITE,https://m.media-amazon.com/images/I/61Br94pfipL._AC_UL480_FMwebp_QL65_.jpg,Nike Nike Nike Footwear Shoe Walking shoe Sneakers Font Sportswear Electric blue Fashion design Athletic shoe Outdoor shoe Shoe Shoe
SHOES BLACK,https://m.media-amazon.com/images/I/818h6vC5g7L._AC_UL480_FMwebp_QL65_.jpg,Nike Footwear Walking shoe Sportswear Grey Sneakers Font Composite material Electric blue Athletic shoe Cross training shoe Shoe
SHOES BLACK,https://m.media-amazon.com/images/I/81ZPiBAvEQL._AC_UL480_FMwebp_QL65_.jpg,Footwear Shoe Outdoor shoe Walking shoe Sneakers Sportswear Grey Font Cross training shoe Composite material Shoe
SHOES BLACK,https://m.media-amazon.com/images/I/71cy1dbMh5L._AC_UL480_FMwebp_QL65_.jpg,Nike Footwear Shoe Walking shoe Grey Sneakers Font Sportswear Composite material Electric blue Athletic shoe Shoe Shoe
SHOES BLACK,https://m.media-amazon.com/images/I/71lVk-4gvVL._AC_UL480_FMwebp_QL65_.jpg,Nike Shoe Walking shoe Grey Sneakers Outdoor shoe Sportswear Electric blue Athletic shoe Composite material Carmine Shoe Shoe
MOUSE,"https://m.media-amazon.com/images/I/61hzuoXwjqL._AC_UF1000,1000_QL80_.jpg",Peripheral Input device Mouse Computer hardware Laptop accessory Font Computer component Personal computer hardware Composite material Computer accessory Mouse
MOUSE,"https://m.media-amazon.com/images/I/41hQB7KTFjL._AC_UF1000,1000_QL80_.jpg",Peripheral Input device Mouse Computer hardware Font Computer component Personal computer hardware Computer accessory Logo Office equipment Mouse
MOUSE,"https://m.media-amazon.com/images/I/51sZtLR6qLL._AC_UF350,350_QL80_.jpg",Peripheral Input device Computer Mouse Computer keyboard Computer hardware Space bar Font Gadget Technology Mouse
MOUSE,https://rukminim2.flixcart.com/image/850/1000/kxnl6kw0/mouse/5/8/m/wireless-gaming-mouse-rechargeable-500-mah-battery-upto-3200-dpi-original-imaga2da9yxvenhc.jpeg,Mouse Peripheral Automotive design Input device Technology Font Sports gear Electronic device Vehicle Computer hardware Mouse
SHOES,https://rukminim2.flixcart.com/image/850/1000/kxnl6kw0/mouse/5/8/m/wireless-gaming-mouse-rechargeable-500-mah-battery-upto-3200-dpi-original-imaga2da9yxvenhc.jpeg?q=90&crop=false,Mouse Peripheral Automotive design Input device Technology Font Sports gear Electronic device Vehicle Computer hardware Mouse
MOUSE,https://rukminim2.flixcart.com/image/850/1000/xif0q/mouse/z/h/1/wireless-gaming-mouse-rechargeable-500-mah-battery-upto-3200-dpi-original-imagr92dzw9hzhx3.jpeg?q=90&crop=false,Peripheral Input device Automotive design Gadget Mouse Electronic device Font Personal protective equipment Electric blue Computer hardware Mouse
SPARX MEN'S SC0162G SNEAKERS,https://m.media-amazon.com/images/I/71xWtLhH2GL._SX695_.jpg,Footwear Shoe Product Walking shoe Grey Sportswear Sneakers Skate shoe Font Outdoor shoe Shoe Shoe
PUMA WOMENS KENDALL WNS RUNNING SHOE,https://m.media-amazon.com/images/I/61C+Y9zoAQL._SY695_.jpg,Puma Footwear Shoe Outdoor shoe Walking shoe Sportswear Cleat Sneakers Font Magenta Skate shoe Shoe
NIVIA MEN'S COMBAT 2.0 BASKETBALL SHOES,https://m.media-amazon.com/images/I/71YG7EClYfL._SX679_.jpg,Nivia Sports Footwear Shoe Outdoor shoe Walking shoe Grey Font Sportswear Sneakers Athletic shoe Electric blue Shoe
ADIDAS MENS AMALGO M RUNNING SHOE,https://m.media-amazon.com/images/I/81ATe15IyHL._SX695_.jpg,Adidas Footwear Shoe Walking shoe Outdoor shoe Grey Sneakers Sportswear Font Athletic shoe Pattern Shoe
RED TAPE CASUAL SNEAKER SHOES FOR MEN,https://m.media-amazon.com/images/I/61OBcY37KXL._SY695_.jpg,Footwear Outdoor shoe Walking shoe Sportswear Sneakers Font Athletic shoe Cross training shoe Electric blue Running shoe Shoe
BATA MENS MAXUNIFORM DRESS SHOE,https://m.media-amazon.com/images/I/710+f7XX2FL._SY695_.jpg,Brown Shoe Walking shoe Sportswear Sneakers Font Athletic shoe Outdoor shoe Electric blue Logo Shoe
SPARX MENS SX0675G WALKING SHOE,https://m.media-amazon.com/images/I/71u2XOFXAIL._SX695_.jpg,Footwear Shoe Outdoor shoe Sneakers Walking shoe Grey Sportswear Font Synthetic rubber Electric blue Shoe
CAMPUS STACK SNEAKERS FOR MEN,https://m.media-amazon.com/images/I/61U0BBQYhrL._SY695_.jpg,Footwear Shoe Outdoor shoe Walking shoe Cleat Grey Sneakers Sportswear Font Athletic shoe Shoe
ADIDAS MENS REGULAR FIT M SERENO BOS T2 JERSEYS,https://m.media-amazon.com/images/I/71IQc8cAIQL._SX569_.jpg,Adidas Hair Outerwear Arm Shoulder White Neck Human body Sleeve Jersey Mammal Person Top Top Person
ADIDAS MEN'S REGULAR FIT M D2M POLO,https://m.media-amazon.com/images/I/71fKZrHSO9L._SX569_.jpg,Joint Arm Shoulder Jersey Human body Neck Sleeve Gesture Collar Elbow Person Top Top Person Shirt
PUMA MEN'S SOLID REGULAR FIT T-SHIRT,https://m.media-amazon.com/images/I/71FAiQfnqSL._SX569_.jpg,Puma Arm Shoulder White Human body Neck Sleeve Gesture Elbow Grey Collar Person Top Top Person
PUMA MEN'S REGULAR FIT T-SHIRT,https://m.media-amazon.com/images/I/61z4pzDQROL._SX569_.jpg,Arm Shoulder Jersey Azure Human body Sleeve Waist Gesture Elbow Collar Outerwear Person
PUMA MEN'S T-SHIRT,https://m.media-amazon.com/images/I/71N-eWQzzjL._SX569_.jpg,Puma Shoulder White Jersey Human body Neck Dress shirt Sleeve Gesture Elbow Grey Person Top Top Person Pants
REEBOK MEN'S REGULAR FIT T-SHIRT,https://m.media-amazon.com/images/I/51-FneXbwrL._SY741_.jpg,Reebok Polo shirt Arm Shoulder Jersey Sports uniform Sleeve Gesture Collar Elbow Sportswear Person Top Person Top Pants
DENNIS LINGO MEN'S COTTON BUFFALO CHECK SLIM FIT CASUAL SHIRT WITH POCKET,https://m.media-amazon.com/images/I/51oqHcH9mcL._SY741_.jpg,Face Arm Tartan Shirt Shoulder Dress shirt Neck Human body Sleeve Jersey Top Person Person Shirt
THOMAS SCOTT MEN'S SMART SLIM FIT BAND COLLAR PURE COTTON DENIM CASUAL OVERDYED SHIRT,https://m.media-amazon.com/images/I/61a9DdTG-sL._SY741_.jpg,Jeans Hand Shirt Arm Shoulder Dress shirt Jersey Human body Dress Neck Top Person Person Shirt Jeans
LYMIO MEN T-SHIRT,https://m.media-amazon.com/images/I/71x4rLhMkML._SY741_.jpg,Joint Outerwear Shoulder Muscle Product Stomach Dress shirt Neck Sleeve Standing Watch Top Pants Clothing
GRECIILOOKS TRACK PANT FOR MEN,https://m.media-amazon.com/images/I/51rgGjt-lnL._SY741_.jpg,Shoe Active pants Sleeve Dress shirt Waist Gesture Khaki pants Collar Thigh Knee Pants Shoe Shoe
U.S. POLO ASSN. MEN SIGNATURE LOGO PURE COTTON,https://m.media-amazon.com/images/I/61fRzTKtwAL._SX569_.jpg,U.S. Polo Assn. U.S. Polo Assn. White Neck Sleeve Textile Waist Orange Grey Style Trunks Denim Shorts Person Underpants
VIMAL JONNEY MEN'S SLIM TRACK PANTS,https://m.media-amazon.com/images/I/71aNV7oOkmL._SX679_.jpg,Joint Leg Active pants Neck Sleeve Waist Knee Thigh Gesture Grey Pants Pants Pants Person Person Person Shoe Shoe Shoe
FASTRACK CASUAL ANALOG WHITE DIAL MEN'S WATCH,https://m.media-amazon.com/images/I/51Z3J7uzNfL._SX679_.jpg,Fastrack Watch Analog watch Watch accessory Clock Rectangle Font Metal Brand Fashion accessory Steel Watch
SONATA MEN LEATHER ANALOG WHITE DIAL WATCH,https://m.media-amazon.com/images/I/71QvcBxXXxL._SY741_.jpg,Watch Analog watch White Light Product Clock Watch accessory Rectangle Font Material property Watch
CASIO MEN STAINLESS STEEL ANALOG BLACK DIAL WATCH,https://m.media-amazon.com/images/I/61hpIjX15vL._SX679_.jpg,Casio Watch Analog watch Clock Watch accessory Font Silver Metal Fashion accessory Nickel Brand Watch
TITAN ANALOG SILVER DIAL GOLD BAND MENS STAINLESS STEEL WATCH,https://m.media-amazon.com/images/I/81lfqanrciL._SY741_.jpg,Titan Company Watch Analog watch Clock Font Watch accessory Material property Silver Rectangle Metal Circle Watch
FIRE-BOLTT NINJA CALL PRO PLUS 1.83 SMART WATCH WITH BLUETOOTH CALLING,https://m.media-amazon.com/images/I/61AHiYyu3ZL._SX679_.jpg,Smile Gesture Gadget Audio equipment Font Communication Device Auto part Output device Clock Wrist Watch Person Person
MILTON PRUDENT 1100 THERMOSTEEL 24 HOURS HOT AND COLD WATER BOTTLE,https://m.media-amazon.com/images/I/71TLCsrjEnL._SX679_.jpg,Tim Hortons Liquid Bottle Fluid Drinkware Plastic bottle Glass bottle Alcoholic beverage Cylinder Tints and shades Electric blue Bottle Bottle
MILTON AQUA 500 STAINLESS STEEL WATER BOTTLE 500-ML LIGHT-PINK,https://m.media-amazon.com/images/I/51AOvn+e1QL._SX679_.jpg,Liquid Bottle Fluid Tints and shades Magenta Plastic bottle Cylinder Drink Plastic Peach
"REDMI 12 (MOONSTONE SILVER,6GB RAM, 128GB STORAGE)",https://m.media-amazon.com/images/I/71ij5dqxbeL._SX679_.jpg,Redmi Redmi Mobile phone Communication Device Portable communications device Gadget Gesture Grey Telephony Font Smartphone Rectangle Mobile phone Mobile phone
"REDMI A3 (OLIVE GREEN, 3GB RAM, 64GB STORAGE)",https://m.media-amazon.com/images/I/71dJSabHYiL._SX679_.jpg,Automotive tire Audio equipment Automotive lighting Font Gadget Communication Device Sports equipment Automotive design Camera Auto part Mobile phone Mobile phone
APPLE IPHONE-14,https://m.media-amazon.com/images/I/51Sn5X2gfaL._SX679_.jpg,iPhone Communication Device Portable communications device Gesture Mobile phone Telephony Gadget Sleeve Smartphone Aluminium Metal Mobile phone
APPLE IPHONE 15-PRO MAX,https://m.media-amazon.com/images/I/61Jrsu9d3-L._SX679_.jpg,Mobile phone Communication Device Portable communications device Telephony Gesture Grey Bumper Gadget Automotive exterior Font
IPHONE CASE-COVER,https://m.media-amazon.com/images/I/51pPPth9kyL._SX679_.jpg,Apple Grey Gadget Mp3 player Gas Font Audio equipment Circle Rectangle Multimedia Electric blue Mobile phone Camera
ONE PLUS NORD3,https://m.media-amazon.com/images/I/51opW+tODpL._SY741_.jpg,OnePlus Door Fixture Rectangle Gas Font Handle Metal Circle Composite material Aluminium Mobile phone
ONE PLUS CE4,https://m.media-amazon.com/images/I/51jCor3c-EL._SX679_.jpg,OnePlus Communication Device Gesture Rectangle Telephony Portable communications device Gadget Smartphone Metal Electric blue Mobile phone Mobile phone
ONE PLUS CE3,https://m.media-amazon.com/images/I/510YZx4v3wL._SX679_.jpg,OnePlus Mobile phone Telephony Communication Device Portable communications device Mobile device Gadget Camera Telephone Smartphone Cameras & optics Mobile phone
SAMSUNG GALAXY,https://m.media-amazon.com/images/I/71td5npKu6L._SY741_.jpg,Samsung Communication Device Rectangle Gadget Font Gas Netbook Major appliance Electric blue Metal Circle Mobile phone
APPLE MACBOOK AIR LAPTOP M1 CHIP,https://m.media-amazon.com/images/I/71jG+e7roXL._SX679_.jpg,Computer Laptop Output device Personal computer Gesture Rectangle Computer monitor accessory Gadget Display device Laptop part Laptop
HP LAPTOP 15S,https://m.media-amazon.com/images/I/71oQh8WFlyL._SX679_.jpg,Hewlett-Packard Computer Laptop Personal computer Output device Peripheral Input device Touchpad Space bar Font Computer hardware Laptop
HP LAPTOP 15,https://m.media-amazon.com/images/I/61Cs3B5GHhL._SX679_.jpg,Hewlett-Packard Computer Laptop Personal computer Output device Touchpad Peripheral Input device Space bar Netbook Webcam Laptop
"SAMSUNG GALAXY M34 5G (PRISM SILVER,6GB,128GB)",https://m.media-amazon.com/images/I/91ItZJh1FDL._AC_UY218_.jpg,Product Telephony Mobile phone Gesture Communication Device Rectangle Font Portable communications device Material property Gadget Mobile phone Mobile phone
DELL LATITUDE 5490 CORE I5 8TH GEN LAPTOP,https://m.media-amazon.com/images/I/418cc1MvF1L._SX679_.jpg,Dell Dell Laptop Computer Personal computer Output device Netbook Touchpad Peripheral Flat panel display Gadget Computer monitor accessory Laptop
DELL 14 THIN & LIGHT LAPTOP,https://m.media-amazon.com/images/I/71Eu1-dfTmL._SX679_.jpg,Dell Computer Personal computer Output device Laptop Gadget Computer hardware Laptop part Font Electronic instrument Laptop accessory Laptop
ASUS VIVOBOOK 15 (2021) THIN AND LIGHT LAPTOP,https://m.media-amazon.com/images/I/71lYhcc++AL._SX679_.jpg,Asus Asus Asus Computer Laptop Personal computer Output device Netbook Gadget Input device Laptop part Font Computer hardware Laptop
LENOVO THINKPAD E14 INTEL CORE I5 12TH GEN 14 FHD THIN AND LIGHT LAPTOP,https://m.media-amazon.com/images/I/617Af4lsBNL._SX679_.jpg,Lenovo ThinkPad Lenovo ThinkPad Computer Personal computer Laptop Touchpad Output device Peripheral Input device Netbook Space bar Gesture Laptop
LENOVO THINKPAD E14 INTEL CORE I3 12TH GEN 14 FHD THIN AND LIGHT LAPTOP,https://m.media-amazon.com/images/I/518BYF8LHRL._SY450_.jpg,Lenovo ThinkPad Computer Personal computer Laptop Touchpad Output device Input device Peripheral Space bar Netbook Computer keyboard Laptop
ASUS VIVOBOOK PRO 15 AMD RYZEN 7,https://m.media-amazon.com/images/I/61eTPcEsC+L._SX679_.jpg,Asus Nvidia Computer Personal computer Product Output device Laptop Font Computer keyboard Computer hardware Gadget Office equipment Laptop
LENOVO YOGA SLIM 7 PRO INTEL EVO CORE I5-11320H,https://m.media-amazon.com/images/I/51qPrXE56-L._SX679_.jpg,Lenovo K6 Power Computer Personal computer Touchpad Laptop Input device Output device Space bar Computer keyboard Peripheral Laptop accessory Laptop
LG 164 CM (65 INCHES) 4K ULTRA HD SMART LED TV,https://m.media-amazon.com/images/I/8195aYGDl9L._SX450_.jpg,Purple Magenta Line Font Violet Rectangle Pattern Terrestrial plant Electric blue Graphics Television
SAMSUNG 108 CM (43 INCHES) D SERIES CRYSTAL 4K VIVID PRO ULTRA HD SMART LED TV,https://m.media-amazon.com/images/I/81aKi8uAUsL._SX450_.jpg,Purple Organism World Font Violet Astronomical object Art Magenta Science Entertainment Television
SAMSUNG 80 CM (32 INCHES) HD READY SMART LED,https://m.media-amazon.com/images/I/71S8iUPW9bL._SX450_.jpg,Motion Picture Association Computer Output device Personal computer Television Computer monitor Font Television set Flat panel display Computer monitor accessory Sky Television Animal Animal Television
MI 108 CM (43 INCHES) A SERIES FULL HD SMART GOOGLE TV L43M8-5AIN,https://m.media-amazon.com/images/I/71UXTb93oZL._SX450_.jpg,Orange Font Slope Rectangle Natural landscape Poster Advertising Logo Horizon Brand Television
SAMSUNG 108 CM (43 INCHES) FULL HD SMART LED TV,https://m.media-amazon.com/images/I/91mRUNnqqnL._SX569_.jpg,Samsung Mountain Slope Natural landscape Font Travel Landscape Magenta Rectangle Mountain range Hill Television Television
ACER 100 CM (40 INCHES) ADVANCED I SERIES FULL HD SMART LED GOOGLE TV ,https://m.media-amazon.com/images/I/5126gXnEjFL._SX450_.jpg,Acer Orange Rectangle Font Material property Tints and shades Window Logo Automotive exterior Advertising Brand Television
VW 80 CM (32 INCHES) FRAMELESS SERIES HD READY ANDROID SMART LED TV VW32S (BLACK),https://m.media-amazon.com/images/I/717oSOB4hCL._AC_UY218_.jpg,Colorfulness Font Circle Art Poster Audio equipment Electric blue Graphics Magenta Event Television
SONY BRAVIA 164 CM (65 INCHES) 4K ULTRA HD SMART LED GOOGLE TV KD,https://m.media-amazon.com/images/I/81MRU+3RJLL._SX450_.jpg,Photograph Rectangle Purple Petal Pink Font Magenta Art Technology Painting Television Television
TCL 139 CM (55 INCHES) METALLIC BEZEL-LESS SERIES 4K ULTRA HD SMART LED GOOGLE TV,https://m.media-amazon.com/images/I/71N7mwf1C7L._AC_UY218_.jpg,Product Font Organism Petal Adaptation Technology Electric blue Event Magenta Wing Television
SONY BRAVIA 80 CM (32 INCHES) HD READY SMART LED GOOGLE TV,https://m.media-amazon.com/images/I/71EcYIKenVL._SX450_.jpg,Green Terrestrial plant Rectangle Font Vehicle Technology Automotive mirror Wheel Tire Logo Television
OWALA FREESIP INSULATED STAINLESS STEEL WATER BOTTLE WITH STRAW,https://m.media-amazon.com/images/I/71XJK6bWJKL._AC_UL480_FMwebp_QL65_.jpg,Brown Rectangle Dishware Beige Electronic device Serveware Metal Circle Square Electric blue Vacuum flask
"GATORADE GX, MARBLE BLUE, 30 OZ",https://m.media-amazon.com/images/I/81VUG3Eh5ZL._AC_UL480_FMwebp_QL65_.jpg,The Gatorade Company Bird Azure Paint Painting Art Art paint Creative arts Rectangle Font Electric blue Bottle
"SAHARA SAILOR WATER BOTTLES, 32OZ MOTIVATIONAL SPORTS WATER BOTTLE WITH TIME MARKER",https://m.media-amazon.com/images/I/615wnuU9ZqL._AC_UL480_FMwebp_QL65_.jpg,Liquid Drinkware Green Water bottle Bottle Fluid Drink Plastic bottle Aqua Material property Bottle Bottle
"INSULATED WATER BOTTLE 64 OZ, TRIPLE WALL VACUUM STAINLESS STEEL (COLD FOR 48 HRS)",https://m.media-amazon.com/images/I/71vE0KfTNQL._AC_UL480_FMwebp_QL65_.jpg,Liquid Bottle Fluid Material property Font Gas Personal care Plastic bottle Electric blue Cylinder Vacuum flask Bottle
HYDRO CELL STAINLESS STEEL INSULATED WATER BOTTLE WITH STRAW,https://m.media-amazon.com/images/I/71ua0aLCE2L._AC_UL480_FMwebp_QL65_.jpg,Sekolah Tinggi Manajemen Informatika dan Teknik Komputer Stikom Bali Liquid Blue Fluid Bottle Violet Plastic bottle Font Material property Cylinder Tints and shades Vacuum flask Vacuum flask Vacuum flask Vacuum flask Vacuum flask Bottle Bottle Bottle Bottle Bottle
50 STRONG BULK WATER BOTTLES | 24 PACK SPORTS BOTTLE,https://m.media-amazon.com/images/I/71VMAGCc7OL._AC_UL960_FMwebp_QL65_.jpg,Product Gesture Font Material property Liquid Gas Cylinder Rectangle Circle Pipe Lighting Bottle Bottle
AQUAFIT 1 GALLON WATER BOTTLE WITH TIME MARKER - STRAW & CHUG LID,https://m.media-amazon.com/images/I/81mLuArYaqL._AC_UL480_FMwebp_QL65_.jpg,Product Liquid Sleeve Font Automotive tire Machine Personal protective equipment Bottle Engineering Illustration Bottle Bottle Bottle Bottle Bottle Bottle Bottle
"UNDER ARMOUR PLAYMAKER SPORT JUG, WATER BOTTLE WITH HANDLE, FOAM INSULATED & LEAK RESISTANT",https://m.media-amazon.com/images/I/61PQRMZMhWL._AC_UL480_FMwebp_QL65_.jpg,Under Armour Luggage and bags Gas Cylinder Font Bag Electric blue Metal Backpack Fashion accessory Tin Vacuum flask
BUTABY RECTANGLE SUNGLASSES FOR WOMEN RETRO DRIVING,https://m.media-amazon.com/images/I/719G6MA0A8L._AC_UL480_FMwebp_QL65_.jpg,Glasses Brown Goggles Vision care Sunglasses White Light Eyewear Eye glass accessory Orange Sunglasses Sunglasses Sunglasses
SOJOS CLASSIC SQUARE SUNGLASSES FOR WOMEN MEN WITH SPRING HINGE SUNNIES SJ1137,https://m.media-amazon.com/images/I/61OvsRHucQL._AC_UL480_FMwebp_QL65_.jpg,Glasses Goggles Vision care Sunglasses Eye glass accessory Eyewear Yellow Tints and shades Font Oval Sunglasses
WEARME PRO - REFLECTIVE LENS ROUND TRENDY SUNGLASSES,https://m.media-amazon.com/images/I/71U8Ot3tx+L._AC_UL480_FMwebp_QL65_.jpg,Glasses Vision care Goggles Sunglasses Eyewear Eye glass accessory Material property Font Tints and shades Beige Sunglasses
MERRY'S UNISEX POLARIZED ALUMINUM SUNGLASSES,https://m.media-amazon.com/images/I/51X-dwiFqAL._AC_UL480_FMwebp_QL65_.jpg,Glasses Vision care Goggles Sunglasses Eyewear Eye glass accessory Grey Material property Font Tints and shades Sunglasses
JOOPIN SQUARE SUNGLASSES POLARIZED UV PROTECTION TRENDY DESIGNER SUN GLASSES MEN WOMEN,https://m.media-amazon.com/images/I/519NQwNO96L._AC_UL480_FMwebp_QL65_.jpg,Vision care Eye glass accessory Eyewear Goggles Sunglasses Material property Tints and shades Font Personal protective equipment Transparent material Sunglasses
EYEGLA WHOLESALE SUNGLASSES BULK FOR ADULTS PARTY FAVORS RETRO CLASSIC SHADES,https://m.media-amazon.com/images/I/71WcWVcKmnL._AC_UL480_FMwebp_QL65_.jpg,Glasses Goggles Vision care Sunglasses White Green Blue Azure Eyewear Pink Sunglasses Sunglasses Sunglasses Sunglasses Sunglasses
VANLINKER THICK SQUARE SUNGLASSES FOR MEN WOMEN,https://m.media-amazon.com/images/I/51JKURQSTEL._AC_UL480_FMwebp_QL65_.jpg,Glasses Goggles Vision care Sunglasses Eye glass accessory Eyewear Grey Line Automotive design Material property Sunglasses
KALIYADI POLARIZED SUNGLASSES FOR MEN,https://m.media-amazon.com/images/I/61KQXq71FJL._AC_UL480_FMwebp_QL65_.jpg,Glasses Goggles Vision care Sunglasses White Light Eye glass accessory Eyewear Font Material property Sunglasses Sunglasses
SOJOS CLASSIC SQUARE POLARIZED SUNGLASSES FOR WOMEN,https://m.media-amazon.com/images/I/61r36QSm+iL._AC_UL480_FMwebp_QL65_.jpg,Glasses Brown Goggles Vision care Photograph Sunglasses Amber Eyewear Eye glass accessory Orange Sunglasses
POLARIZED SPORTS SUNGLASSES FOR MEN,https://m.media-amazon.com/images/I/61wzlDnzmFL._AC_UL480_FMwebp_QL65_.jpg,White Eyewear Eye glass accessory Line Font Audio equipment Personal protective equipment Drawing Art Fashion accessory Sunglasses
COSCO 20 X 48 VINYL TOP FOLDING TABLE BLACK,https://m.media-amazon.com/images/I/41CWXgRuGCL._AC_UL480_FMwebp_QL65_.jpg,Table Furniture Rectangle Outdoor furniture Outdoor table Line Wood stain Wood Coffee table Plywood
"FOLDING TABLE,4FT INDOOR OUTDOOR HEAVY DUTY PORTABLE FOLDING SQUARE PLASTIC DINING TABLE",https://m.media-amazon.com/images/I/51vYlQYxXxL._AC_UL480_FMwebp_QL65_.jpg,Table Furniture Rectangle Outdoor furniture Material property Outdoor table Wood Metal Tire Desk Table Desk Luggage & bags
SWEETCRISPY SMALL COMPUTER OFFICE DESK 32 INCH KIDS STUDENT STUDY WRITING WORK WITH STORAGE BAG,https://m.media-amazon.com/images/I/71iMhXX9Q9L._AC_UL480_FMwebp_QL65_.jpg,Table Laptop Furniture Computer Property Personal computer Computer desk Product Rectangle Desk Laptop Desk Houseplant
"COSCO MOLDED FOLDING BANQUET TABLE W/HANDLE, 6FT, BLACK",https://m.media-amazon.com/images/I/61o-HmSlBLL._AC_UL480_FMwebp_QL65_.jpg,Table Furniture Outdoor table Rectangle Outdoor furniture Tree Line Coffee table Material property Plant
"L SHAPED DESK - 43 INCH GAMING DESK, COMPUTER CORNER DESK, HOME OFFICE WRITING DESK",https://m.media-amazon.com/images/I/71Rx0-s00nL._AC_UL480_FMwebp_QL65_.jpg,Table Furniture Rectangle Computer desk Desk Personal computer Interior design Shelving Line Computer monitor Desk Desk Desk
FOLDING TABLE 4 FOOT PORTABLE HEAVY DUTY PLASTIC FOLD-IN-HALF UTILITY TABLE,https://m.media-amazon.com/images/I/51Uq2V-Dw0L._AC_UL480_FMwebp_QL65_.jpg,Table Rectangle Outdoor furniture Wood Parallel Metal Font Plywood Shade Aluminium Table Desk
HOOBRO END TABLE WITH CHARGING STATION AND USB PORTS,https://m.media-amazon.com/images/I/71etoV72iAL._AC_UL480_FMwebp_QL65_.jpg,Furniture Shelf Table Rectangle Outdoor furniture Shelving Chair Wood Wood stain Plywood Nightstand
STATESVILLE 32 INCH SMALL COMPUTER DESK WRITING STUDY WORK OFFICE TABLE MODERN SIMPLE WITH STORAGE BAG,https://m.media-amazon.com/images/I/615t60-qErL._AC_UL480_FMwebp_QL65_.jpg,Furniture Tire Table Wheel Outdoor furniture Wood Rectangle Chair Hardwood Outdoor table
"SHW HOME OFFICE 32-INCH COMPUTER DESK, BLACK",https://m.media-amazon.com/images/I/41wT18b9nJL._AC_UL480_FMwebp_QL65_.jpg,Table Furniture Rectangle Line Parallel Plywood Outdoor furniture Wood Transparent material Outdoor table
"HOOBRO SIDE TABLE, 3-TIER NARROW END TABLE, NIGHTSTAND WITH 2 FLAT OR SLANT ADJUSTABLE SHELVES FOR SMALL SPACES",https://m.media-amazon.com/images/I/71dLfRcfU5L._AC_UL480_FMwebp_QL65_.jpg,Furniture White Black Rectangle Table Outdoor furniture Natural material Gas Metal Wood
ZIUMIER GAMING HEADSET WITH MICROPHONE,https://m.media-amazon.com/images/I/71nh1VxLzuL._AC_UY327_FMwebp_QL65_.jpg,Output device Peripheral Gadget Audio equipment Font Headphones Communication Device Electronic device Magenta Multimedia Headphones
EKSA E900 HEADSET WITH MICROPHONE FOR PC,https://m.media-amazon.com/images/I/71N6Oge0ntL._AC_UY327_FMwebp_QL65_.jpg,Peripheral Output device White Purple Communication Device Audio equipment Violet Gadget Material property Font Headphones
JABRA EVOLVE 40 PROFESSIONAL WIRED HEADSET,https://m.media-amazon.com/images/I/61apHvYK6GL._AC_UY327_FMwebp_QL65_.jpg,Peripheral Output device Gadget Communication Device Audio equipment Ear Font Material property Headphones Electronic device Headphones
LOGITECH H390 WIRED HEADSET FOR PC/LAPTOP,https://m.media-amazon.com/images/I/61jBnY6paeL._AC_UY327_FMwebp_QL65_.jpg,Peripheral Output device Ear Gadget Audio equipment Headphones Communication Device Headset Font Fashion accessory Headphones
BENGOO G9000 STEREO GAMING HEADSET FOR PS4 PC XBOX ONE PS5 CONTROLLER,https://m.media-amazon.com/images/I/61CGHv6kmWL._AC_UY327_FMwebp_QL65_.jpg,Peripheral Sports gear Automotive design Font Gadget Electric blue Audio equipment Paint Personal protective equipment Poster Headphones
"GAMING HEADSET FOR PC, PS4, PS5, XBOX HEADSET",https://m.media-amazon.com/images/I/712OyBPPL0L._AC_UY327_FMwebp_QL65_.jpg,Peripheral Output device Gadget Audio equipment Input device Font Home appliance Headphones Electronic device Communication Device Headphones
"HEADSET WTIH MIC, USB HEADSET WITH MICROPHONE FOR PC",https://m.media-amazon.com/images/I/719zL67IK7L._AC_UY327_FMwebp_QL65_.jpg,White Output device Peripheral Audio equipment Gadget Electronic device Event Font Headphones Communication Device Headphones
SONY MDREX15AP IN-EAR EARBUD HEADPHONES WITH MIC,https://m.media-amazon.com/images/I/61AZ9rCOSZL._AC_UY327_FMwebp_QL65_.jpg,Sony Corporation Microphone Product Peripheral Audio equipment Gadget Output device Headphones Font Electronic device Ear Headphones Headphones
LUDOS FEROX WIRED EARBUDS IN-EAR HEADPHONES,https://m.media-amazon.com/images/I/51HfzWPM6eL._AC_UY327_FMwebp_QL65_.jpg,Microphone White Product Audio equipment Gadget Output device Peripheral Material property Font Ear Headphones Headphones
ZEBRONICS THUNDER BLUETOOTH 5.3 WIRELESS OVER EAR HEADPHONES WITH 60H BACKUP,https://m.media-amazon.com/images/I/61smYWXWx9L._AC_UY218_.jpg,Gadget Font Aqua Ear Magenta Electric blue Circle Symbol Fashion accessory Plastic Headphones
ROCKERZ 450 IRON MAN,https://www.boat-lifestyle.com/cdn/shop/products/450im_600x.png,Marvel Comics Output device Peripheral Gadget Audio equipment Headphones Font Electronic device Magenta Circle Fashion accessory Headphones
ROCKERZ 450 BLACK PANTHER MARVEL EDITION,https://www.boat-lifestyle.com/cdn/shop/products/450bp_600x.png,Marvel Comics Output device Peripheral Audio equipment Communication Device Violet Ear Gadget Font Headphones Magenta Headphones
FIRSTBLOOD ONLY GAME. AJ52 WATCHER RGB GAMING MOUSE,https://m.media-amazon.com/images/I/51WaY1BLs8L._AC_UY327_FMwebp_QL65_.jpg,Outerwear Product Sleeve Cap Triangle Collar Font Dress shirt T-shirt Pattern Mouse
"REDRAGON M612 PREDATOR RGB GAMING MOUSE, 8000 DPI",https://m.media-amazon.com/images/I/61vF4LdktpL._AC_UY327_FMwebp_QL65_.jpg,Peripheral Input device Mouse Computer hardware Helmet Font Magenta Computer component Electric blue Gadget Mouse
RAZER BASILISK V3 CUSTOMIZABLE ERGONOMIC GAMING MOUSE,https://m.media-amazon.com/images/I/71QbOWMcP9L._AC_UY327_FMwebp_QL65_.jpg,Razer Inc. Peripheral Input device Plant Gadget Font Computer hardware Electronic device Personal computer hardware Home appliance Logo Mouse
"REDRAGON GAMING MOUSE, WIRELESS MOUSE GAMING WITH 8000 DPI",https://m.media-amazon.com/images/I/61QY3V6A-NL._AC_UY327_FMwebp_QL65_.jpg,Peripheral Input device Gadget Output device Font Technology Electronic device Computer hardware Multimedia Magenta Mouse
"BENGOO GAMING MOUSE WIRED, ERGONOMIC GAMER LAPTOP PC",https://m.media-amazon.com/images/I/61lCLrCtuhL._AC_UY327_FMwebp_QL65_.jpg,Input device Purple Automotive design Peripheral Mouse Automotive lighting Sports equipment Violet Fender Helmet Mouse
LTC CIRCLE PIT HM-001 RGB GAMING MOUSE WITH 2 SIDE BUTTONS,https://m.media-amazon.com/images/I/61kutmcYxSL._AC_UY327_FMwebp_QL65_.jpg,Peripheral Input device Purple Automotive parking light Mouse Font Electronic device Computer hardware Magenta Electric blue Mouse
RAZER VIPER V2 PRO HYPERSPEED WIRELESS GAMING MOUSE,https://m.media-amazon.com/images/I/61PZvXc7UFL._AC_UY327_FMwebp_QL65_.jpg,Razer Inc. Liquid Product Kitchen appliance Fluid Home appliance Small appliance Drinkware Telephony Portable communications device Output device Mouse
ALIENWARE AW720M TRI-MODE WIRELESS GAMING MOUSE,https://m.media-amazon.com/images/I/61lZalbTWAL._AC_UY327_FMwebp_QL65_.jpg,Alienware Peripheral Grey Gadget Electric blue Metal Musical instrument accessory Composite material Font Input device Computer component Mouse
REDGEAR A-15 WIRED GAMING MOUSE WITH UPTO 6400 DPI,https://m.media-amazon.com/images/I/61MUoISbzjL._SX522_.jpg,Peripheral Input device Audio equipment Computer hardware Gadget Font Personal protective equipment Computer component Logo Fashion accessory Mouse
CORSAIR K70 RGB PRO WIRED MECHANICAL GAMING KEYBOARD,https://m.media-amazon.com/images/I/61Yupm5970L._AC_UY327_FMwebp_QL65_.jpg,Peripheral Input device Gadget Font Computer keyboard Space bar Office equipment Computer hardware Technology Audio equipment Computer keyboard
MAGEGEE PORTABLE 60% MECHANICAL GAMING KEYBOARD,https://m.media-amazon.com/images/I/618zZ7u3sUL.__AC_SX300_SY300_QL70_FMwebp_.jpg,Peripheral Computer keyboard Input device Computer Space bar Office equipment Keyboard Electronic instrument Window Laptop accessory Computer keyboard
WOMIER S-K80 75% KEYBOARD WITH COLOR MULTIMEDIA DISPLAY MECHANICAL GAMING KEYBOARD,https://m.media-amazon.com/images/I/71WBwf2mkXL._AC_UY327_FMwebp_QL65_.jpg,Computer keyboard Peripheral Product Input device Space bar Rectangle Computer Communication Device Output device Electronic instrument Computer keyboard
REDRAGON S101 GAMING KEYBOARD,https://m.media-amazon.com/images/I/71QDJHG1PqL._AC_UY327_FMwebp_QL65_.jpg,Peripheral Input device Product Green Purple Output device Computer keyboard Space bar Font Computer hardware Computer keyboard Mouse
RAZER ORNATA V3 X GAMING KEYBOARD,https://m.media-amazon.com/images/I/71pqfvJKW5L._AC_UY327_FMwebp_QL65_.jpg,Razer Inc. Computer Peripheral Computer keyboard Input device Space bar Keyboard Office equipment Rectangle Laptop part Computer hardware Computer keyboard
CORSAIR K55 CORE RGB MEMBRANE WIRED GAMING KEYBOARD,https://m.media-amazon.com/images/I/71rcQyKSOcL._AC_UY327_FMwebp_QL65_.jpg,Rectangle Peripheral Office equipment Font Input device Electric blue Technology Pattern Space bar Number Computer keyboard
AULA GAMING KEYBOARD,https://m.media-amazon.com/images/I/71cd3Qs3fEL._AC_UY327_FMwebp_QL65_.jpg,Peripheral Computer keyboard Input device Space bar Output device Mouse Font Computer Gadget Computer hardware Computer keyboard Mouse
MAGEGEE 75% MECHANICAL GAMING KEYBOARD WITH BLUE SWITCH,https://m.media-amazon.com/images/I/61eavECexVL._AC_UY327_FMwebp_QL65_.jpg,Computer keyboard Peripheral Input device Azure Space bar Office equipment Electronic instrument Keyboard Rectangle Computer hardware Computer keyboard
SNPURDIRI 60% WIRED GAMING KEYBOARD,https://m.media-amazon.com/images/I/61UGJ7z-sUL._AC_UY327_FMwebp_QL65_.jpg,Input device Space bar Font Office supplies Office equipment Gadget Electronic device Communication Device Technology Peripheral Computer keyboard
REDRAGON K585 DITI ONE-HANDED RGB MECHANICAL GAMING KEYBOARD,https://m.media-amazon.com/images/I/71zS0BekOfL._AC_UY327_FMwebp_QL65_.jpg,Input device Peripheral Gadget Font Fashion accessory Magenta Plastic Rectangle Square Electric blue Computer keyboard
CREATIVE FARMER FRUIT SEEDS,https://m.media-amazon.com/images/I/513SGvOptJL._AC_UL480_FMwebp_QL65_.jpg,Food Fruit Natural foods Plant Apple Staple food Superfood Produce Mcintosh Seedless fruit Apple
MVKR - LIVE RED APPLE FRUIT PLANT THIS VARITY IS SUPPORTING ALL INDIA WEATHER,https://m.media-amazon.com/images/I/41nswQESVVL._AC_UL480_FMwebp_QL65_.jpg,Food Branch Fruit Natural foods Plant Apple Tree Flowering plant Produce Rose family Fruit Fruit Fruit Apple Fruit Apple Apple Fruit Apple Apple
GARDENIFY INDIA F1 ALPINE HYBRIDE FRESH RED APPLE SEEDS/FRUITS SEEDS,https://m.media-amazon.com/images/I/51FLUURf1kL._AC_UL480_FMwebp_QL65_.jpg,Food Fruit Natural foods Mcintosh Plant Organism Apple Staple food Superfood Produce Apple Apple Apple
GREEN VIEW ORIGINAL ALL INDIA WEATHER SUPPORTING LIVE APPLE FRUIT,https://m.media-amazon.com/images/I/414LGHqG4vL._AC_UL480_FMwebp_QL65_.jpg,Food Fruit Natural foods Staple food Apple Produce Superfood Flowering plant Accessory fruit Local food Apple
NATURA GREENHOUSE NMK-01 CUSTARD APPLE,https://m.media-amazon.com/images/I/41HC1r-JCqL._AC_UL480_FMwebp_QL65_.jpg,Food Natural foods Staple food Ingredient Produce Vegetable Plant Flowering plant Local food Squash Fruit Fruit Fruit Fruit Food Food Fruit Food
STYLISH BRACELET FOR MEN LEATHER BRACELET,https://m.media-amazon.com/images/I/710D-t-2LrL._AC_UL480_FMwebp_QL65_.jpg,Edenly Gesture Font Automotive tire Audio equipment Auto part Tire Synthetic rubber Hair accessory Fashion accessory Electric blue Bracelet
6 PCS MIXED MULTI-LAYER GENUINE LEATHER BRACELET,https://m.media-amazon.com/images/I/51RCyVOxVIL._AC_UL480_FMwebp_QL65_.jpg,Edenly Body jewelry Product Gesture Finger Font Material property Jewellery Ring Bangle Technology Bracelet
MEN'S FASHION JEWELLERY HIGH POLISHED STYLISH STAINLESS,https://m.media-amazon.com/images/I/61vfipvWkLL._AC_UL480_FMwebp_QL65_.jpg,David Yurman White Body jewelry Font Jewellery Bracelet Jewelry making Automotive tire Drinkware Metal Art Bracelet
STYLISH BOYS BRACELET STAINLESS STEEL BEADS SILVER CHAIN,https://m.media-amazon.com/images/I/71d2fcBxEjL._AC_UL480_FMwebp_QL65_.jpg,Blue Body jewelry Gadget Font Rectangle Electronic device Technology Jewellery Electric blue Pattern Bracelet
BRACELETS FOR GIRLS AND BOYS | LEATHER BRACELET FOR GIRLS,https://m.media-amazon.com/images/I/51c1rR4CbOL._AC_UL480_FMwebp_QL65_.jpg,Audio equipment Bicycle part Material property Camera accessory Auto part Font Output device Rim Circle Fashion accessory Bracelet
MEN'S FASHION JEWELLERY COMBO PACK OF 4 STAINLESS STEEL SOLID,https://m.media-amazon.com/images/I/61GHkfAZMRL._AC_UL480_FMwebp_QL65_.jpg,White Line Jewellery Fashion accessory Nickel Font Body jewelry Titanium Silver Event Necklace Necklace Necklace Necklace
MEN'S JEWELLERY BLACK SILVER CHAIN FOR MEN BOYS,https://m.media-amazon.com/images/I/612xOm1X6LL._AC_UL480_FMwebp_QL65_.jpg,White Body jewelry Natural material Necklace Material property Silver Jewellery Rectangle Fashion accessory Metal Necklace
MEN'S JEWELLERY 3D CUBOID VERTICAL BAR/STICK STAINLESS,https://m.media-amazon.com/images/I/51QCXW-lhxL._AC_UL480_FMwebp_QL65_.jpg,Body jewelry Silver Line Rectangle Font Jewellery Necklace Metal Chain Fashion accessory Necklace Necklace
LION KING HEAD - ALLOY PENDANT WITH STAINLESS STEEL,https://m.media-amazon.com/images/I/71t26JUbTXL._AC_UL480_FMwebp_QL65_.jpg,White Black Natural material Body jewelry Necklace Silver Jewellery Font Art Metal Necklace
BAMBOO SOCKS FOR MEN,https://m.media-amazon.com/images/I/81pdj8cq70L._SX679_.jpg,Hand Shoe Safety glove Glove Gesture Grey Sock Synthetic rubber Personal protective equipment Human leg Sock Sock Sock
BAMBOO CREW SOCKS FOR MEN,https://m.media-amazon.com/images/I/81kYos-YtGL._SX679_.jpg,Personal protective equipment Sock Human leg Electric blue Pattern Font Thumb Fashion accessory Carmine Auto part Sock Sock Sock
RIO PREMIUM COTTON ANKLE SOCKS FOR MEN AND WOMEN,https://m.media-amazon.com/images/I/81FTipXrZIL._SX679_.jpg,Gesture Finger Sock Font Human leg Glove Thumb Carmine Foot Wrist Sock Sock Sock Sock Sock
BAMBOO SOCKS FOR MEN,https://m.media-amazon.com/images/I/91imPb7haXL._SX679_.jpg,Shoe Gesture Woolen Sock Font Glove Human leg Electric blue Thumb Personal protective equipment Sock Sock Shoe
12 PAIRS SOLID COTTON ANKLE LENGTH SOCKS FOR MEN,https://m.media-amazon.com/images/I/81TRdxk1wnL._SY741_.jpg,Head Green White Line Font Pattern Carmine Graphics Electric blue Sock Sock Sock Sock Sock
POLYESTER 5 PAIRS SOLID ANKLE LENGTH SOCKS FOR MEN,https://m.media-amazon.com/images/I/A10JGz2JOZL._AC_UL480_FMwebp_QL65_.jpg,Leg Sleeve Sock Sportswear Font Personal protective equipment Human leg Electric blue Auto part Pattern Sock Sock Sock Sock Sock
MENS COTTON ANKLE LENGTH SOCKS (PACK OF 3) DARK GREY,https://m.media-amazon.com/images/I/51P0U7RknsL._AC_UL480_FMwebp_QL65_.jpg,Footwear Shoe Leg Synthetic rubber Font Sportswear Electric blue Comfort Human leg Foot Sock
SPORTS ANKLE COTTON SOCKS | FREE SIZE,https://m.media-amazon.com/images/I/81SEVBzTWhL._AC_UL480_FMwebp_QL65_.jpg,Footwear Shoe White Light Product Black Fashion Font Grey Material property Sock Sock Sock Sock Sock
ANKLE SOCKS FOR MEN & WOMEN,https://m.media-amazon.com/images/I/81CdTxYMb5L._AC_UL480_FMwebp_QL65_.jpg,Glove Sleeve Font Sportswear Sock Pattern Jersey Undergarment Tie Waist Sock Sock
5 PAIRS COTTON SPORTS ANKLE SOCKS FOR MEN,https://m.media-amazon.com/images/I/61Ikv+ZkHnL._AC_UL480_FMwebp_QL65_.jpg,White Leg Black Bottle Gesture Finger Material property Font Human leg Foot Sock Sock Sock Sock Sock Clothing
NAVY DOTTED TIE FOR MEN,https://m.media-amazon.com/images/I/61FBnxZnSKL._AC_UL480_FMwebp_QL65_.jpg,Textile Sleeve Rectangle Font Pattern Electric blue Circle Tie Carmine Pattern Tie
PASILEY TIE FOR MEN,https://m.media-amazon.com/images/I/61gAw323f6L._AC_UL480_FMwebp_QL65_.jpg,Sleeve Collar Motif Pattern Font Art Cap Linens Design Fashion accessory Tie
FLORAL TIE FOR MEN,https://m.media-amazon.com/images/I/61JqlaY97SL._AC_UL480_FMwebp_QL65_.jpg,Sleeve Rectangle Collar Font Bag Pattern Linens Grass Military camouflage Dress shirt Tie
MEN'S BLACK NECK TIE MATTE FINISH MICROFIBER FORMAL GIFT,https://m.media-amazon.com/images/I/715ZdQrugkL._AC_UL480_FMwebp_QL65_.jpg,Tire Arm Automotive tire Synthetic rubber Sleeve Tread Bicycle part Rim Automotive wheel system Automotive exterior Tie
LEADER SPYDER 27.5T MTB CYCLE/BIKE,https://m.media-amazon.com/images/I/81y9uUq1lnL._AC_UY327_FMwebp_QL65_.jpg,Bicycle Tire Bicycles--Equipment and supplies Bicycle wheel Bicycle wheel rim Crankset Bicycle seatpost Bicycle frame Wheel Bicycle handlebar Tire Tire Wheel Bicycle wheel Bicycle wheel Wheel Wheel
LEADER SCOUT MTB 26T MOUNTAIN BICYCLE/BIKE,https://m.media-amazon.com/images/I/81wGn2TQJeL._AC_UY327_FMwebp_QL65_.jpg,Kross SA Bicycle Wheel Bicycles--Equipment and supplies Tire Bicycle wheel rim Land vehicle Bicycle wheel Bicycle frame Crankset Bicycle tire Tire Tire Bicycle Wheel Bicycle wheel Wheel Bicycle wheel Wheel
URBAN TERRAIN GALAXY PRO HIGH PERFORMANCE MOUNTAIN CYCLES,https://m.media-amazon.com/images/I/61Z2ibSEOxL._AC_UY327_FMwebp_QL65_.jpg,Bicycle Tire Bicycles--Equipment and supplies Wheel Bicycle wheel rim Bicycle wheel Crankset Bicycle frame Vehicle Bicycle handlebar Tire Tire Bicycle wheel Bicycle wheel Wheel Wheel Bicycle
URBAN TERRAIN GALAXY HIGH PERFORMANCE MOUNTAIN CYCLES,https://m.media-amazon.com/images/I/61QWH8VYIuL._AC_UY327_FMwebp_QL65_.jpg,Bicycle Tire Wheel Bicycles--Equipment and supplies Bicycle wheel rim Crankset Bicycle seatpost Bicycle handlebar Bicycle wheel Vehicle Tire Tire Wheel Bicycle wheel Bicycle wheel Wheel Wheel
AVON BUKE BICYCLES THRUST 26T MTB CYCLE FOR ADULTS,https://m.media-amazon.com/images/I/61arPQZLNML._AC_UY327_FMwebp_QL65_.jpg,Bicycle Wheel Tire Bicycles--Equipment and supplies Bicycle wheel rim Crankset Sports equipment Bicycle seatpost Bicycle handlebar Bicycle wheel Tire Tire Bicycle wheel Bicycle wheel
AMITASHA PULL BACK MOTORBIKE HIGH-SPEED RACING BIKE,https://m.media-amazon.com/images/I/41FpPQlmcfL._AC_UL480_FMwebp_QL65_.jpg,Tire Wheel Vehicle Motocross Motorcycle Automotive tire Enduro Tread Motorsport Motor vehicle Tire Tire Wheel Wheel
BAYBEE R7 BATTERY OPERATED BIKE FOR KIDS,https://m.media-amazon.com/images/I/71BXLqma3BL._AC_UL480_FMwebp_QL65_.jpg,Wheel Tire Automotive tire Vehicle Automotive lighting Motor vehicle Motorcycle Alloy wheel Vehicle brake Automotive design Motorcycle Tire Wheel Tire Wheel Tire Wheel
GORMERY 1/12 SCALE MODEL COMPATIBLE WITH KAWASAKI,https://m.media-amazon.com/images/I/41zDXFipUmL.jpg,Kawasaki Heavy Industries Tire Wheel Automotive lighting Automotive tire Motorcycle Vehicle Motor vehicle Alloy wheel Tread Automotive design Motorcycle Tire Tire Wheel Wheel
NEXUS PRODUCT BIKE FOR KIDS TOY R3 BIKE,https://m.media-amazon.com/images/I/71HxhWJlzaL._AC_UL480_FMwebp_QL65_.jpg,Tire Wheel Vehicle Automotive lighting Automotive tire Fuel tank Motorcycle Automotive fuel system Motor vehicle Automotive design Tire Wheel Motorcycle Wheel Tire Wheel
PLUSPOINT DIECAST MOTORCYCLE TOY DUCATI BIKE,https://m.media-amazon.com/images/I/71NNd7bV8PL._AC_UL480_FMwebp_QL65_.jpg,Tire Wheel Vehicle Fuel tank Automotive tire Automotive lighting Motorcycle Alloy wheel Motor vehicle Headlamp Motorcycle Wheel Tire Wheel Tire Wheel Tire
UPPERCASE MEDIUM 23 LTRS TALL BOY (14.6 INCH) LAPTOP BACKPACK,https://m.media-amazon.com/images/I/61373tSdppL._AC_UY218_.jpg,Automotive lighting Motor vehicle Rectangle Gas Automotive exterior Grille Electric blue Auto part Metal Font Backpack
SKYBAGS CASUAL BACKPACK 28L,https://m.media-amazon.com/images/I/71U-5XbfSWL._AC_UY218_.jpg,Light Product Azure Luggage and bags Bag Font Aqua Material property Electric blue Magenta Backpack
SAFARI OMEGA SPACIOUS/LARGE LAPTOP BACKPACK WITH RAINCOVER,https://m.media-amazon.com/images/I/71maWXZscfL._AC_UY218_.jpg,White Light Product Luggage and bags Bag Backpack Material property Travel Electric blue Font Backpack
BIGBERRY NEWAGE RODEO 28 LTRS LEATHERITE/FAUX LEATHER BACKPACK,https://m.media-amazon.com/images/I/813BY8cbW8L._AC_UY218_.jpg,Horse Black Grey Electric blue Font Fashion accessory Bag Personal protective equipment Strap Brand Backpack
IMPULSE EMPOWERELITE 25L UNISEX WATER RESISTANT TRAVEL LAPTOP BACKPACK,https://m.media-amazon.com/images/I/316YV-DXmFL._AC_UY218_.jpg,Luggage and bags Bag Rectangle Communication Device Automotive lighting Gadget Gas Electronic device Font Electric blue Backpack
WILDHORN 31L LAPTOP BACKPACK FOR MEN/WOMEN,https://m.media-amazon.com/images/I/81twmbR442L._AC_UL320_.jpg,White Product Black Bag Grey Bottle Rectangle Sleeve Gadget Luggage and bags Backpack
AMAZON BASICS OFFICE COMPUTER TASK DESK CHAIR WITH PADDED ARMRESTS,https://m.media-amazon.com/images/I/71GvW1qrUYL._AC_SX679_.jpg,Chair Light Product Comfort Armrest Line Office chair Automotive design Auto part Tints and shades Chair
DURAMONT ERGONOMIC OFFICE CHAIR,https://m.media-amazon.com/images/I/61NKBZLoUtL._AC_UL480_FMwebp_QL65_.jpg,Furniture Chair White Green Light Product Office chair Black Blue Comfort
HON SCATTER SIDE CHAIR,https://m.media-amazon.com/images/I/715EO96d4pL._AC_UL480_FMwebp_QL65_.jpg,Furniture Chair Rectangle Material property Composite material Auto part Tints and shades Metal Comfort Plastic
HOME OFFICE CHAIR ERGONOMIC,https://m.media-amazon.com/images/I/716tq9Y8WOL._AC_UL480_FMwebp_QL65_.jpg,Furniture White Chair Light Black Armrest Comfort Tints and shades Rectangle Auto part
FURNITURER DINING CHAIRS SET OF 4,https://m.media-amazon.com/images/I/61wRnJpmKsL._AC_UL480_FMwebp_QL65_.jpg,Furniture Chair Wood Headgear Material property Rectangle Tints and shades Comfort Metal Beige Chair Chair Chair
FAUX FUR SAUCER CHAIR,https://m.media-amazon.com/images/I/51NfVF9RhzL._AC_UL480_FMwebp_QL65_.jpg,Furniture Chair Product Comfort Outdoor furniture Auto part Rectangle Metal Plastic Fashion accessory Chair
GTPLAYER GAMING CHAIR,https://m.media-amazon.com/images/I/71WvJeaS4PL._AC_UL480_FMwebp_QL65_.jpg,Product Black Automotive design Material property Font Automotive tire Recreation Auto part Automotive wheel system Electric blue
OLIXIS CROSS LEGGED ARMLESS WIDE ADJUSTABLE SWIVEL PADDED HOME OFFICE DESK CHAIR,https://m.media-amazon.com/images/I/81QfAot46SL._AC_SX679_.jpg,Furniture Chair Comfort Material property Composite material Flooring Electric blue Pattern Armrest Still life photography Chair
COLAMY PU LEATHER DINING CHAIRS SET OF 2,https://m.media-amazon.com/images/I/61nSeLFfOvL._AC_UL480_FMwebp_QL65_.jpg,Furniture Chair Wood Comfort Outdoor furniture Armrest Plywood Rectangle Natural material Font Chair Chair
SWEETCRISPY ARMLESS OFFICE CHAIR CUTE DESK CHAIR,https://m.media-amazon.com/images/I/71GTqd5NbbL._AC_UL480_FMwebp_QL65_.jpg,Furniture Chair Line Comfort Tints and shades Automotive design Tire Office chair Head restraint Auto part Chair
POLY & BARK ISLA MODERN KITCHEN CHAIRS SET OF 4,https://m.media-amazon.com/images/I/71jERm+78-L._AC_UL480_FMwebp_QL65_.jpg,Furniture Chair Rectangle Grey Material property Comfort Wood Composite material Flooring Plastic Chair Chair Chair Chair
YSSOA GAMING CHAIR,https://m.media-amazon.com/images/I/81Yud-f1tkL._AC_SX679_.jpg,Chair White Comfort Automotive design Office chair Armrest Flash photography Auto part Fashion accessory Carmine Chair
OSP HOME FURNISHINGS WICKER PAPASAN CHAIR,https://m.media-amazon.com/images/I/81BNLNp0wKL._AC_UL480_FMwebp_QL65_.jpg,Hand Outerwear Arm White Leg Human body Neck Sleeve Gesture Comfort Chair
MIMOGLAD OFFICE CHAIR,https://m.media-amazon.com/images/I/711fWqiV1kL._AC_UL480_FMwebp_QL65_.jpg,White Light Product Chair Automotive design Armrest Comfort Material property Medical equipment Beauty Chair Houseplant
DOWINX GAMING CHAIR FABRIC WITH POCKET SPRING CUSHION,https://m.media-amazon.com/images/I/71wTMO+iQIL._AC_UL480_FMwebp_QL65_.jpg,White Product Office chair Automotive design Comfort Chair Armrest Sitting Font Fashion accessory Chair
NOUHAUS ERGONOMIC OFFICE CHAIR PREMIUM MICROFIBER,https://m.media-amazon.com/images/I/714dgnDWZlL._AC_UL480_FMwebp_QL65_.jpg,White Automotive design Wheel Chair Armrest Comfort Auto part Fashion accessory Automotive wheel system Electric blue Chair
EXECUTIVE OFFICE CHAIR,https://m.media-amazon.com/images/I/61dBNugXpFL._AC_UL480_FMwebp_QL65_.jpg,Furniture Chair Line Tire Musical instrument accessory Automotive design Comfort Bicycle part Metal Auto part Chair
HOME OFFICE CHAIR WORK DESK CHAIR COMFORT ERGONOMIC,https://m.media-amazon.com/images/I/71gfQm3utTL._AC_UL480_FMwebp_QL65_.jpg,Furniture White Product Chair Comfort Purple Window Office chair Armrest Floor Chair Window
OFFICE DESK CHAIR BIG AND TALL EXECUTIVE OFFICE CHAIR,https://m.media-amazon.com/images/I/61+i2MDZA3L._AC_UL480_FMwebp_QL65_.jpg,Furniture Chair White Light Product Comfort Office chair Black Automotive design Armrest Chair
ARMLESS HOME OFFICE DESK CHAIR WITH WHEELS,https://m.media-amazon.com/images/I/511cZTveX1L._AC_UL480_FMwebp_QL65_.jpg,Office chair Furniture Chair Auto part Gas Tints and shades Armrest Composite material Comfort Automotive exterior Chair
TOP,https://i.pinimg.com/originals/2e/88/a5/2e88a52be17ccbce0306aae0a295138c.jpg,Outerwear Neck Sleeve T-shirt Grey Font Active shirt Magenta Pattern Electric blue Top Top
WATCH,https://w7.pngwing.com/pngs/566/206/png-transparent-watch-strap-clock-luxury-watch-blue-watch-accessory-accessories-thumbnail.png,Watch Analog watch Photograph White Light Rectangle Clock Font Material property Silver Watch
SHIRT,https://funkybabaji.com/cdn/shop/files/9.png?v=1703327174,Sleeve Collar Magenta Button Pattern Fashion accessory Electric blue Carmine Polo shirt Peach Top Shirt
SHOE,https://encrypted-tbn0.gstatic.com/images?q=tbn:ANd9GcQ5pWafZ0JwWBLGBprZTcHjc8ROd2pLfqocIA&s,I n v a l i d   U r l I n v a l i d   U r l I n v a l i d   U r l
TOP,https://i.pinimg.com/originals/2e/88/a5/2e88a52be17ccbce0306aae0a295138c.jpg,Outerwear Neck Sleeve T-shirt Grey Font Active shirt Magenta Pattern Electric blue Top Top
WATCH,https://w7.pngwing.com/pngs/566/206/png-transparent-watch-strap-clock-luxury-watch-blue-watch-accessory-accessories-thumbnail.png,Watch Analog watch Photograph White Light Rectangle Clock Font Material property Silver Watch
SHIRT,https://funkybabaji.com/cdn/shop/files/9.png?v=1703327174,Sleeve Collar Magenta Button Pattern Fashion accessory Electric blue Carmine Polo shirt Peach Top Shirt
SHOE,https://encrypted-tbn0.gstatic.com/images?q=tbn:ANd9GcQ5pWafZ0JwWBLGBprZTcHjc8ROd2pLfqocIA&s,I n v a l i d   U r l I n v a l i d   U r l I n v a l i d   U r l
BAT,https://www.pngitem.com/pimgs/m/218-2189470_mrf-genius-chase-master-cricket-bat-hd-png.png,
TOP,https://i.pinimg.com/originals/2e/88/a5/2e88a52be17ccbce0306aae0a295138c.jpg,Outerwear Neck Sleeve T-shirt Grey Font Active shirt Magenta Pattern Electric blue Top Top
WATCH,https://w7.pngwing.com/pngs/566/206/png-transparent-watch-strap-clock-luxury-watch-blue-watch-accessory-accessories-thumbnail.png,Watch Analog watch Photograph White Light Rectangle Clock Font Material property Silver Watch
SHIRT,https://funkybabaji.com/cdn/shop/files/9.png?v=1703327174,Sleeve Collar Magenta Button Pattern Fashion accessory Electric blue Carmine Polo shirt Peach Top Shirt
SHOE,https://encrypted-tbn0.gstatic.com/images?q=tbn:ANd9GcQ5pWafZ0JwWBLGBprZTcHjc8ROd2pLfqocIA&s,I n v a l i d   U r l I n v a l i d   U r l I n v a l i d   U r l
SHOE,https://m.media-amazon.com/images/I/71yH8aRgiyL._SX625_.jpg,Footwear Shoe Walking shoe Sneakers Sportswear Outdoor shoe Font Magenta Skate shoe Athletic shoe Shoe Shoe
WATCH,https://m.media-amazon.com/images/I/81g3Yw6qzZL._AC_UY1000_.jpg,Watch Clock Font Gesture Wood Analog watch Circle Art Jewellery Metal Watch
BRACELET,https://m.media-amazon.com/images/I/61uU97zm0HL._AC_UY1100_.jpg,White Light Natural material Amber Yellow Creative arts Gold Body jewelry Material property Fashion design Bracelet
SHOE,https://m.media-amazon.com/images/I/81sf4p+5-qL._SX625_.jpg,Footwear Shoe Outdoor shoe Sneakers Walking shoe Grey Font Athletic shoe Sportswear Pattern Shoe Shoe
BOTTLE,https://m.media-amazon.com/images/I/51jWxG5e8-L.jpg,Liquid Violet Gas Cylinder Fluid Magenta Font Tints and shades Electric blue Metal Bottle Bottle
HANDBAG,https://m.media-amazon.com/images/I/61y1eWptI4L._AC_UY1000_.jpg,Liquid Hood Sleeve Font Aqua Bag Rectangle Electric blue Dishware Metal Handbag
SHOE,https://m.media-amazon.com/images/I/71vSzAzttDL._AC_UY1000_.jpg,Footwear Brown Shoe Product Sneakers Walking shoe Outdoor shoe Beige Font Athletic shoe Shoe
BOTTLE,https://e7.pngegg.com/pngimages/289/377/png-clipart-clear-glass-bottle-glass-bottle-glass-bottle-glass-beer-bottle-thumbnail.png,Bottle Drinkware Bottle stopper & saver Tableware Drink Glass bottle Liquid Gas Serveware Glass Bottle Bottle Drink
BOTTLE,https://www.freeiconspng.com/thumbs/water-bottle-png/water-bottle-png-4.png,Liquid Bottle Drinkware Fluid Water bottle Plastic bottle Cylinder Glass bottle Gas Electric blue Vacuum flask Bottle
PEN,https://w7.pngwing.com/pngs/36/268/png-transparent-ballpoint-pen-stylus-fountain-pen-waterman-pens-pen-pen-advertising-rollerball-pen.png,Eye Office supplies Writing instrument accessory Writing implement Chemical compound Tints and shades Stationery Office instrument Font Electric blue Pen
PEN,https://static.vecteezy.com/system/resources/previews/019/023/680/original/fountain-pen-icon-png.png,Office supplies Font Tool Metal Writing implement Cylinder Art Engineering Steel Auto part
WATCH,https://m.media-amazon.com/images/I/61iIgYcqUgL._AC_UF10001000_QL80_.jpg,Watch Gadget Grey Clock Rectangle Circle Font Audio equipment Electronic device Street light Watch
WATCH,https://m.media-amazon.com/images/I/51LTJjshaIL._AC_UY1000_.jpg,Watch Analog watch White Light Product Clock Font Material property Watch accessory Strap Watch
PEN,https://m.media-amazon.com/images/I/61UmTTTSY8L.jpg,Writing implement Office supplies Writing instrument accessory Office instrument Tints and shades Stationery Font Pen Electric blue Ball pen Pen
BRACELET,https://atlas-content-cdn.pixelsquid.com/stock-images/gold-bracelet-AEodWK7-600.jpg,Body jewelry Natural material Amber Jewellery Metal Auto part Fashion accessory Titanium Electric blue Macro photography Bracelet
SHOE,https://assets.ajio.com/medias/sys_master/root/20230621/Blj0/64928875d55b7d0c6390257b/-1117Wx1400H-464188007-peach-MODEL.jpg,Footwear Outdoor shoe Walking shoe Grey Sportswear Sneakers Font Athletic shoe Pattern Carmine Shoe
SHOE,https://assets.ajio.com/medias/sys_master/root/20230620/1B3k/649208b142f9e729d75721f3/-473Wx593H-463196082-blue-MODEL7.jpg,Footwear Joint Shoe Leg Product Azure Fashion Human body Grey Font Shoe Shoe Shoe Shoe Pants
SHOE,https://assets.ajio.com/medias/sys_master/root/20240703/B0XQ/6684e6336f60443f3130abc4/-473Wx593H-465832053-blue-MODEL.jpg,Shoe Sports equipment Outdoor shoe Sneakers Walking shoe Grey Sportswear Font Electric blue Running shoe Shoe Shoe
SHOE,https://assets.ajio.com/medias/sys_master/root/20231128/mbBW/6565b3b0afa4cf41f5a56618/-473Wx593H-469515740-white-MODEL.jpg,Puma Footwear Walking shoe Grey Sneakers Sportswear Athletic shoe Carmine Brand Silver Pattern Shoe Shoe Shoe Shoe
SHOE,https://assets.ajio.com/medias/sys_master/root/20240104/brYy/6596ce9eafa4cf41f503437d/-473Wx593H-469566608-black-MODEL.jpg,Puma Shoe Walking shoe Grey Sneakers Font Athletic shoe Electric blue Sportswear Magenta Outdoor shoe Shoe
SHOE,https://assets.ajio.com/medias/sys_master/root/20231212/7NCl/6577b534ddf7791519c52bc7/-473Wx593H-466843502-black-MODEL.jpg,Shoe Outdoor shoe Walking shoe Grey Sportswear Sneakers Running shoe Font Sports equipment Cross training shoe Shoe Shoe Shoe Shoe Footwear
SHOE,https://assets.ajio.com/medias/sys_master/root/20230914/CnFF/6502c5a1afa4cf41f5e3b636/-473Wx593H-466395961-black-MODEL.jpg,Footwear Joint Shoe White Leg Black Human body Walking shoe Grey Sportswear Shoe Shoe Shoe Shoe
SHOE,https://assets.ajio.com/medias/sys_master/root/20230628/Cotr/649bb54ea9b42d15c907a1c8/-473Wx593H-465863175-grey-MODEL.jpg,Footwear Shoe Walking shoe Grey Outdoor shoe Sneakers Font Sportswear Synthetic rubber Athletic shoe Shoe
BRACELET,https://assets.ajio.com/medias/sys_master/root/20231004/yxvi/651c837cddf77915191760e6/-473Wx593H-466658498-gold-MODEL.jpg,Orange Body jewelry Font Jewellery Wedding ceremony supply Tints and shades Personal protective equipment Ring Metal Circle Bracelet
BRACELET,https://assets.ajio.com/medias/sys_master/root/20230715/UK7c/64b1cc03a9b42d15c9565fcd/-473Wx593H-466361608-white-MODEL.jpg,Brown Body jewelry Creative arts Natural material Eyewear Jewellery Jewelry making Bracelet Circle Art Bracelet
BRACELET,https://assets.ajio.com/medias/sys_master/root/20230915/2kRd/650369b0afa4cf41f5e6c28e/-473Wx593H-466581367-silver-MODEL.jpg,Natural material Creative arts Jewellery Electric blue Art Twig Hair accessory Jewelry making Circle Metal Bracelet
BRACELET,https://assets.ajio.com/medias/sys_master/root/20231230/TBz7/658f9b16afa4cf41f5f79977/-473Wx593H-466932214-silver-MODEL.jpg,Leg Dress Human body Body jewelry Collar Wrist Jewellery Human leg Foot Sleeve Bracelet
BRACELET,https://assets.ajio.com/medias/sys_master/root/20220707/PX0u/62c6f322f997dd03e2c26b3f/-473Wx593H-469022378-multi-MODEL.jpg,Joint White Neck Sleeve Body jewelry Gesture Nail Thumb Waist Finger Bracelet Bracelet Bracelet
BRACELET,https://assets.ajio.com/medias/sys_master/root/20230605/vC8q/647de3e442f9e729d722c08b/-473Wx593H-466234304-black-MODEL.jpg,Sports equipment Material property Automotive tire Font Rim Jewellery Personal protective equipment Strap Auto part Electric blue Bracelet
BRACELET,https://assets.ajio.com/medias/sys_master/root/20230621/HMIR/64927fc4d55b7d0c638f1970/-473Wx593H-463819376-brown-MODEL.jpg,Brown Body jewelry Red Creative arts Jewellery Font Chain Circle Natural material Metal Bracelet Bracelet Bracelet Bracelet
PEN,https://assets.ajio.com/medias/sys_master/root/20231215/a5x8/657c3a9fddf7791519d2280a/-473Wx593H-465028488-red-MODEL.jpg,Pen Writing implement Office supplies Ball pen Office instrument Writing instrument accessory Stationery Electric blue Font Fountain pen Pen
PEN,https://assets.ajio.com/medias/sys_master/root/20230830/zDj4/64ef6c83ddf77915198ba6ff/-473Wx593H-466514797-black-MODEL2.jpg,Office supplies Writing implement Font Office instrument Electric blue Stationery Musical instrument accessory Pen
PEN,https://assets.ajio.com/medias/sys_master/root/20230518/VKsS/6466127842f9e729d79651e5/-473Wx593H-410320761-black-MODEL.jpg,Eye Cosmetics Liquid Fluid Gas Cylinder Metal Magenta Font Titanium
PEN,https://assets.ajio.com/medias/sys_master/root/20230830/355x/64ef6c83ddf77915198ba776/-473Wx593H-466514797-black-MODEL.jpg,Writing implement Office supplies Pen Font Writing instrument accessory Stationery Drawing Slope Ball pen Pen
PEN,https://encrypted-tbn0.gstatic.com/images?q=tbn:ANd9GcQmgKKGtAgQrx15DIJ51h9WPehQHOLB9tiO2w&s,I n v a l i d   U r l I n v a l i d   U r l I n v a l i d   U r l
PEN,https://encrypted-tbn0.gstatic.com/images?q=tbn:ANd9GcSTBuFlofDPiUzrF2Zs3cf-e2kp1PFFLOR1rw&s,I n v a l i d   U r l I n v a l i d   U r l I n v a l i d   U r l
BOTTLE,https://assets.ajio.com/medias/sys_master/root/20240103/K1R8/65958f24afa4cf41f5004905/-473Wx593H-466943830-blue-MODEL.jpg,Liquid Product Drinkware Bottle Fluid Solution Plastic bottle Drink Material property Gas Bottle Bottled and jarred packaged goods Bottle
BOTTLE,https://assets.ajio.com/medias/sys_master/root/20230621/1diD/6492fad542f9e729d774e75c/-473Wx593H-466293827-pink-MODEL.jpg,Drinkware Font Fictional character Liquid Toy Art Junk food Drink Carbonated soft drinks Cone
BOTTLE,https://assets.ajio.com/medias/sys_master/root/20230814/RRO7/64da0820a9b42d15c9a9d95c/-473Wx593H-466451984-silver-MODEL.jpg,Bottle Liquid Drinkware Fluid Cylinder Plastic bottle Glass bottle Drink Glass Metal Vacuum flask Bottle
BOTTLE,https://assets.ajio.com/medias/sys_master/root/20221221/ml3v/63a339d8f997ddfdbdeb7e0f/-473Wx593H-410343520-d-MODEL.jpg,Tumi Inc. Mobile phone Communication Device Portable communications device Font Tints and shades Electronic device Cylinder Gadget Magenta Metal Vacuum flask
BOTTLE,https://assets.ajio.com/medias/sys_master/root/20240103/qgIO/6595921bafa4cf41f5009e78/-473Wx593H-466943864-blue-MODEL.jpg,Liquid Fluid Paint Cylinder Gadget Gas Tin Camera accessory Electric blue Drink Bottle
BOTTLE,https://assets.ajio.com/medias/sys_master/root/20240103/2ziI/6595915eafa4cf41f5008944/-473Wx593H-466943816-purple-MODEL.jpg,Liquid Purple Fluid Drinkware Plastic bottle Drink Violet Gas Magenta Chemical compound Bottle Bottle Bottled and jarred packaged goods
BOTTLE,https://assets.ajio.com/medias/sys_master/root/20230817/78uP/64dd359ba9b42d15c9b3e3c1/-473Wx593H-466466436-pink-MODEL.jpg,Liquid Drinkware Plastic bottle Water bottle Tableware Cylinder Magenta Drink Serveware Plastic Bottle
BOTTLE,https://assets.ajio.com/medias/sys_master/root/hde/hac/13741105250334/-1117Wx1400H-440999755-blue-MODEL.jpg,Bottle Liquid Solution Water Azure Fluid Water bottle Plastic bottle Drink Cylinder Bottle Bottle Bottled and jarred packaged goods
BOTTLE,https://assets.ajio.com/medias/sys_master/root/20230804/pdTY/64cc00a0a9b42d15c989d635/-473Wx593H-466416226-green-MODEL.jpg,Tableware Liquid Drinkware Serveware Fluid Artifact Cylinder Rectangle Pattern Metal Bottle Vacuum flask
BOTTLE,https://assets.ajio.com/medias/sys_master/root/20230606/PelX/647f343742f9e729d7285600/-473Wx593H-466241384-silver-MODEL.jpg,Liquid Bottle Fluid Plastic bottle Drinkware Cylinder Tints and shades Titanium Cosmetics Solvent Vacuum flask
WATCH,https://assets.ajio.com/medias/sys_master/root/20230621/BSGk/6492b7dd42f9e729d76e0ec7/-473Wx593H-464058790-rosegold-MODEL.jpg,Hand Shoe Arm Body jewelry Neck Gesture Finger Wrist Clock Nail Watch Shoe Shoe Bracelet
WATCH,https://assets.ajio.com/medias/sys_master/root/20220311/E5wy/622b6b89f997dd03e20e2d22/-473Wx593H-410111441-multi-MODEL.jpg,Armani Watch Analog watch Watch accessory Clock Font Metal Electric blue Fashion accessory Brand Steel Watch
WATCH,https://assets.ajio.com/medias/sys_master/root/20240213/K58x/65cb805316fd2c6e6af49dab/-473Wx593H-4934005890-multi-MODEL.jpg,Titan Company Watch Analog watch Watch accessory Clock Rectangle Font Metal Liquid Electric blue Brand Watch
WATCH,https://assets.ajio.com/medias/sys_master/root/20230712/QKhQ/64ae9bfaa9b42d15c94ecece/-473Wx593H-469514575-rosegold-MODEL.jpg,Gas Jewellery Rectangle Circle Fashion accessory Font Titanium Metal Still life photography Glass Watch
WATCH,https://assets.ajio.com/medias/sys_master/root/20230921/ZigH/650b52b2afa4cf41f5f5e324/-473Wx593H-466607227-gold-MODEL.jpg,Watch Analog watch Rectangle Clock Watch accessory Font Circle Metal Brand Fashion accessory Watch
WATCH,https://assets.ajio.com/medias/sys_master/root/20230602/pmx6/6479de8ed55b7d0c6347a28f/-473Wx593H-469514424-brown-MODEL.jpg,Watch Brown Analog watch Rectangle Watch accessory Clock Font Strap Metal Brand Watch
WATCH,https://assets.ajio.com/medias/sys_master/root/20230830/F9Je/64ef661bddf77915198b75fb/michael_kors__water-resistant_chronograph_watch_-_mk9111.jpg,Watch Analog watch Watch accessory Clock Rectangle Font Electric blue Metal Natural material Brand Watch
WATCH,https://assets.ajio.com/medias/sys_master/root/20230103/9vka/63b3d6caf997ddfdbd0c3314/-473Wx593H-4933532680-multi-MODEL.jpg,Fastrack Watch Analog watch Clock Rectangle Watch accessory Font Fashion accessory Circle Strap Electric blue Watch
WATCH,https://assets.ajio.com/medias/sys_master/root/20240227/b64B/65ddfeb405ac7d77bb800278/-473Wx593H-469605654-black-MODEL.jpg,Watch Camera accessory Flash photography Clock Watch accessory Gadget Communication Device Font Cameras & optics Jewellery Watch
SHIRT,https://m.media-amazon.com/images/I/814SUqsmY-L._AC_UY1100_.jpg,Clothing Hair Head Outerwear Smile Arm Azure Dress shirt Neck Sleeve Top
SHIRT,https://m.media-amazon.com/images/I/61Fta9EITxL._AC_UY1100_.jpg,Clothing Outerwear Black Sleeve Textile Collar Pattern Button Electric blue Composite material Outerwear
SHIRT,https://m.media-amazon.com/images/I/41lfr9JmCSL._AC_UY1100_.jpg,Clothing Joint Outerwear Arm Shoulder Watch Smile White Dress shirt Neck Top Pants Shirt
SHIRT,https://m.media-amazon.com/images/I/41Vv54VfFUL._AC_UY1100_.jpg,Glasses Outerwear Shoulder Goggles Sunglasses Dress shirt Neck Vision care Sleeve Gesture Sunglasses Top Glasses Pants Clothing Shirt
SHIRT,https://m.media-amazon.com/images/I/61vDrzGiCXL._AC_UY1100_.jpg,Dress shirt Neck Sleeve Orange Gesture Collar Beard Pink Blazer Button Top Person
SHIRT,https://m.media-amazon.com/images/I/61x0lcxuZWL._AC_UY1100_.jpg,Outerwear Photograph Dress shirt Neck Sleeve Collar Blazer Electric blue Fashion design Pattern Top Shirt
SHIRT,https://img101.urbanic.com/v1/goods-pic/7b814e22a266410582624eb54f030dbfUR_w750_q90.webp,Clothing Outerwear Neck Sleeve Dress shirt Collar Jersey T-shirt Sleeveless shirt Blazer Top Shirt
SHIRT,https://img101.urbanic.com/v1/goods-pic/70b5babeed2547439128e9a5a7c32912UR_w750_q90.webp,Neck Sleeve Collar Woolen Wool Electric blue Pattern Magenta Fashion accessory Button Top
SHIRT,https://img101.urbanic.com/v1/goods-pic/6fd65c0a19c84d0387ea43c950809124UR_w750_q90.webp,Sleeve Collar T-shirt Electric blue Fashion accessory Font Pattern Magenta Top Carmine Top Outerwear
SHIRT,https://img101.urbanic.com/v1/goods-pic/4832e480f7b84ed6a56bdf47e8fa7687UR_w750_q90.webp,Outerwear Coat Sleeve Dress shirt Collar Blazer Jersey Fashion design Linens Button Outerwear Top
SHIRT,https://img101.urbanic.com/v1/goods-pic/151654ed13734946b2c15ecad6048976UR_w750_q90.webp,Clothing Outerwear Shirt Coat Dress shirt Sleeve Collar Blazer Button Electric blue Outerwear
SHIRT,https://img101.urbanic.com/v1/goods-pic/7cff93e893804a1da9f60b544bc46e75UR_w750_q90.webp,Sleeve Active pants Sportswear Trunks Electric blue Waist Pocket Human leg Fashion design Fashion accessory Pants
PANT,https://img101.urbanic.com/v1/goods-pic/e7f3b9a9dcc4405699949b957020e4baUR_w750_q90.webp,Sleeve Sleeveless shirt Curtain Active pants Collar Beige Day dress Formal wear Pattern Fashion accessory Pants
PANT,https://img101.urbanic.com/v1/goods-pic/795b27509974432498ddafc6c841b3afUR_w750_q90.webp,Trousers Active pants Sleeve Shorts Denim Sportswear Pocket Formal wear Pattern Curtain Pants
PANT,https://img101.urbanic.com/v1/goods-pic/ae2b8dabcec44321aad3a14931397354UR_w750_q90.webp,Orlebar Brown Clothing Jeans Sleeve Shorts Active pants Magenta Waist Electric blue Pattern Font Pants
PANT,https://img101.urbanic.com/v1/goods-pic/3617ec70c4a04cfca49959db18e8ebcaUR_w750_q90.webp,Shorts Shirt Sleeve Collar Beige Sleeveless shirt Formal wear Peach Fashion accessory Pattern Pants
PANT,https://img101.urbanic.com/v1/goods-pic/538282912bca4bd1a904b658f51e8002UR_w750_q90.webp,Sleeve Shorts Beige Waist Human leg Fashion design Fashion accessory Thigh Peach Font Pants
PANT,https://img101.urbanic.com/v1/goods-pic/68b68037781d455b81e05f5cef012af4UR_w750_q90.webp,Jeans Trousers Outerwear Sleeve Grey Collar Dress shirt Denim Trunks Blazer Pants
PANT,https://img101.urbanic.com/v1/goods-pic/6ec1db2ec164452499f58c70160ac31bUR_w750_q90.webp,Jeans Sleeve Active pants Waist Font Sportswear Fashion design Human leg Electric blue Shorts Pants
PANT,https://m.media-amazon.com/images/I/51-5ycMMJgL._AC_UY1100_.jpg,Clothing Trousers Outerwear Sleeve Waist Active pants Thigh Knee Beige Sportswear Pants Belt Shoe Shoe
PANT,https://m.media-amazon.com/images/I/61xPuLuFwPL._AC_UY1100_.jpg,Joint Outerwear Shoe Leg Sleeve Knee Thigh Waist Grey Sportswear Pants Shoe Shoe Outerwear Footwear Footwear
PANT,https://m.media-amazon.com/images/I/51FJIrVNydL._AC_UY1100_.jpg,Shoe Active pants Sleeve Gesture Waist Knee Thigh Blazer Fashion design Sportswear Pants Shoe Shoe
PANT,https://m.media-amazon.com/images/I/81mVIqIYZuL._AC_UY1100_.jpg,Trousers Leg Blue Active pants Human body Neck Sleeve Waist Thigh Gesture Pants Shoe Shoe
PHONE,https://m.media-amazon.com/images/I/61l9ppRIiqL._AC_UF10001000_QL80_.jpg,Product Rectangle Purple Violet Pink Communication Device Magenta Material property Font Portable communications device
TV,https://static1.pocketlintimages.com/wordpress/wp-content/uploads/2023/03/amazon-fire-tv-omni-qled-series-6.jpg,FireTV Dolby Laboratories Flat panel display Font Television set Rectangle Art Gadget Magenta Display device Electronic device Sky Television
TV,https://yuppstatic.akamaized.net/yupptv/images_devices/amazon_box.png,Remote control Gadget Audio equipment Material property Font Multimedia Electric blue Circle Logo Magenta Remote control
TV,https://www.jansatta.com/wp-content/uploads/2021/07/second-hand-smart-tv-680x453-1.jpg,Flower Plant Petal Font Rectangle Computer monitor accessory Technology Terrestrial plant Magenta Flowering plant Television
TOP,https://i.pinimg.com/originals/2e/88/a5/2e88a52be17ccbce0306aae0a295138c.jpg,Outerwear Neck Sleeve T-shirt Grey Font Active shirt Magenta Pattern Electric blue Top Top
WATCH,https://w7.pngwing.com/pngs/566/206/png-transparent-watch-strap-clock-luxury-watch-blue-watch-accessory-accessories-thumbnail.png,Watch Analog watch Photograph White Light Rectangle Clock Font Material property Silver Watch
SHIRT,https://funkybabaji.com/cdn/shop/files/9.png?v=1703327174,Sleeve Collar Magenta Button Pattern Fashion accessory Electric blue Carmine Polo shirt Peach Top Shirt
SHOE,https://encrypted-tbn0.gstatic.com/images?q=tbn:ANd9GcQ5pWafZ0JwWBLGBprZTcHjc8ROd2pLfqocIA&s,I n v a l i d   U r l I n v a l i d   U r l I n v a l i d   U r l
SHOES,https://m.media-amazon.com/images/I/51n0YcGg0aL._AC_UL320_.jpg,Puma Puma Footwear Shoe Walking shoe Mammal Sneakers Grey Sportswear Font Electric blue Athletic shoe Shoe Shoe
SHOES,https://rukminim2.flixcart.com/image/850/1000/kex5ci80-0/shoe/r/z/k/combo-o-1622-1619-10-oricum-multicolor-original-imafvhy2wbuhj9th.jpeg,Macbeth Footwear Footwear Shoe White Light Product Black Sneakers Walking shoe Grey Red Shoe Shoe Shoe Shoe
PANT,https://m.media-amazon.com/images/I/61E+3B4RhPL._AC_UY1100_.jpg,Joint White Leg Sleeve Active pants Waist Gesture Grey Thigh Knee Pants Shoe Shoe
